{
    "addontype": "vc",
    "cattitle": "Counter",
    "name": "counter_vc",
    "alias": "counter",
    "title": "Counter",
    "description": "",
    "config": {
        "options": {
            "enable_items": "false",
            "path_assets": "avados_counter",
            "description": "",
            "link_resource": "",
            "show_small_icon": "true",
            "preview_size_unite_selected_text": "Full Size",
            "preview_size": "full",
            "preview_custom_width": "",
            "preview_bgcol": "#ffffff"
        },
        "params": [
            {
                "type": "uc_textfield",
                "title": "Text before number",
                "name": "text_before_number",
                "description": "",
                "admin_label": "false",
                "default_value": "",
                "font_editable": "true"
            },
            {
                "type": "uc_textarea",
                "title": "Counter number",
                "name": "counter_number",
                "description": "",
                "admin_label": "false",
                "default_value": "",
                "font_editable": "true"
            },
            {
                "type": "uc_dropdown",
                "title": "Position",
                "name": "position",
                "description": "",
                "admin_label": "false",
                "options": {
                    "left": "text-left",
                    "center": "text-center",
                    "right": "text-right"
                },
                "default_value": "text-left"
            },
            {
                "type": "uc_textarea",
                "title": "Text after number",
                "name": "text_after_number",
                "description": "",
                "admin_label": "false",
                "default_value": "",
                "font_editable": "true"
            },
            {
                "type": "uc_textarea",
                "title": "Description",
                "name": "desc",
                "description": "",
                "admin_label": "false",
                "default_value": "",
                "font_editable": "true"
            },
            {
                "type": "uc_dropdown",
                "title": "Type",
                "name": "type",
                "description": "",
                "admin_label": "false",
                "options": {
                    "block": "display-block",
                    "inline-block": "display-inline-block"
                },
                "default_value": "display-block"
            }
        ],
        "params_items": [
            {
                "type": "uc_textfield",
                "title": "Title",
                "name": "title",
                "description": "",
                "default_value": "",
                "limited_edit": "true"
            }
        ],
        "includes": {
            "js": [
                {
                    "url": "avados_counter\/avados_counter.js",
                    "condition": ""
                }
            ],
            "jslib": [],
            "css": [
                {
                    "url": "avados_counter\/avados_counter.css",
                    "condition": ""
                }
            ]
        },
        "variables_item": "",
        "variables_main": ""
    },
    "templates": [
        "html"
    ]
}