{
    "addontype": "vc",
    "cattitle": "Testimotional",
    "name": "avados_trigger_4_vc",
    "alias": "avados_trigger_4",
    "title": "Avados Trigger 4",
    "description": "",
    "config": {
        "options": {
            "enable_items": "false",
            "path_assets": "avados_trigger_4",
            "description": "",
            "link_resource": "",
            "show_small_icon": "true",
            "preview_size_unite_selected_text": "Full Size",
            "preview_size": "full",
            "preview_custom_width": "",
            "preview_bgcol": "#ffffff"
        },
        "params": [
            {
                "type": "uc_image",
                "title": "Image",
                "name": "image",
                "description": "",
                "add_thumb": "false",
                "add_thumb_large": "false"
            },
            {
                "type": "uc_textfield",
                "title": "Link",
                "name": "link",
                "description": "",
                "default_value": "https:\/\/www.google.com"
            },
            {
                "type": "uc_textfield",
                "title": "Title",
                "name": "title",
                "description": "",
                "default_value": ""
            },
            {
                "type": "uc_textfield",
                "title": "Tags from search",
                "name": "tags",
                "description": "",
                "admin_label": "false",
                "default_value": "",
                "font_editable": "false"
            }
        ],
        "params_items": [
            {
                "type": "uc_textfield",
                "title": "Title",
                "name": "title",
                "description": "",
                "default_value": "",
                "limited_edit": "true"
            }
        ],
        "includes": {
            "js": [],
            "jslib": [],
            "css": [
                {
                    "url": "avados_trigger_4\/avados_trigger_4.css",
                    "condition": ""
                }
            ]
        },
        "variables_item": "",
        "variables_main": ""
    },
    "templates": [
        "html"
    ]
}