{
    "addontype": "vc",
    "cattitle": "Slider",
    "name": "steps_slider_vc",
    "alias": "steps_slider",
    "title": "Steps Slider",
    "description": "",
    "config": {
        "options": {
            "enable_items": "true",
            "path_assets": "how-we-work",
            "description": "",
            "link_resource": "",
            "show_small_icon": "true",
            "preview_size_unite_selected_text": "Full Size",
            "preview_size": "full",
            "preview_custom_width": "",
            "preview_bgcol": "#ffffff"
        },
        "params": "",
        "params_items": [
            {
                "type": "uc_image",
                "title": "Image",
                "name": "img",
                "description": "",
                "admin_label": "false",
                "add_thumb": "false",
                "add_thumb_large": "false",
                "default_value": ""
            },
            {
                "type": "uc_textfield",
                "title": "Title",
                "name": "title",
                "description": "",
                "default_value": "",
                "limited_edit": "true"
            },
            {
                "type": "uc_textfield",
                "title": "Number",
                "name": "num",
                "description": "",
                "admin_label": "false",
                "default_value": "",
                "font_editable": "false"
            }
        ],
        "includes": {
            "js": [
                {
                    "url": "how-we-work\/how-we-work.js",
                    "condition": ""
                }
            ],
            "jslib": [],
            "css": [
                {
                    "url": "how-we-work\/how-we-work.css",
                    "condition": ""
                }
            ]
        },
        "variables_item": "",
        "variables_main": ""
    },
    "templates": [
        "html",
        "html_item"
    ]
}