{
    "addontype": "vc",
    "cattitle": "Image",
    "name": "img_vc",
    "alias": "img",
    "title": "Image",
    "description": "",
    "config": {
        "options": {
            "enable_items": "false",
            "path_assets": "avados_image",
            "description": "",
            "link_resource": "",
            "show_small_icon": "true",
            "preview_size_unite_selected_text": "Full Size",
            "preview_size": "full",
            "preview_custom_width": "",
            "preview_bgcol": "#ffffff"
        },
        "params": [
            {
                "type": "uc_image",
                "title": "Image",
                "name": "img",
                "description": "",
                "admin_label": "false",
                "add_thumb": "false",
                "add_thumb_large": "false",
                "default_value": ""
            },
            {
                "type": "uc_number",
                "title": "Height",
                "name": "height",
                "description": "",
                "admin_label": "false",
                "default_value": "130",
                "unit": "other",
                "unit_custom": "px"
            }
        ],
        "params_items": [
            {
                "type": "uc_textfield",
                "title": "Title",
                "name": "title",
                "description": "",
                "default_value": "",
                "limited_edit": "true"
            }
        ],
        "includes": {
            "js": [],
            "jslib": [],
            "css": [
                {
                    "url": "avados_image\/avados_image.css",
                    "condition": ""
                }
            ]
        },
        "variables_item": "",
        "variables_main": ""
    },
    "templates": [
        "html"
    ]
}