{
    "addontype": "vc",
    "cattitle": "Testimotional",
    "name": "testimotional_3_vc",
    "alias": "testimotional_3",
    "title": "Avados Testimotional #3",
    "description": "owl slider with 1 review",
    "config": {
        "options": {
            "enable_items": "true",
            "path_assets": "testimotional_3",
            "description": "owl slider with 1 review",
            "link_resource": "",
            "show_small_icon": "true",
            "preview_size_unite_selected_text": "Full Size",
            "preview_size": "full",
            "preview_custom_width": "",
            "preview_bgcol": "#ffffff"
        },
        "params": [
            {
                "type": "uc_colorpicker",
                "title": "Slider Nav color",
                "name": "sl_nav_color",
                "description": "",
                "admin_label": "false",
                "default_value": "#000000"
            }
        ],
        "params_items": [
            {
                "type": "uc_textarea",
                "title": "Tetimotional",
                "name": "title",
                "description": "",
                "admin_label": "false",
                "default_value": "",
                "font_editable": "true"
            },
            {
                "type": "uc_textarea",
                "title": "Author",
                "name": "author",
                "description": "",
                "admin_label": "false",
                "default_value": "",
                "font_editable": "true"
            },
            {
                "type": "uc_dropdown",
                "title": "Rating 5 star",
                "name": "rating_5_star",
                "description": "",
                "admin_label": "false",
                "options": {
                    "Yes": "block",
                    "No": "none"
                },
                "default_value": "block"
            },
            {
                "type": "uc_dropdown",
                "title": "Rating 4 star",
                "name": "rating_4_star",
                "description": "",
                "admin_label": "false",
                "options": {
                    "Yes": "block",
                    "No": "none"
                },
                "default_value": "none"
            }
        ],
        "includes": {
            "js": [
                {
                    "url": "testimotional_3\/avados_testimotional_3.js",
                    "condition": ""
                }
            ],
            "jslib": [
                "owl-carousel"
            ],
            "css": [
                {
                    "url": "testimotional_3\/avados_testimotional_3.css",
                    "condition": ""
                }
            ]
        },
        "variables_item": [
            {
                "type": "uc_var_paramitemrelated",
                "name": "2_star",
                "description": "",
                "param_name": "rating",
                "options": {
                    "true": "<i class=\\\\\\\\\\\\\\\\\\\\\\\\\\\\\\\\\\\\\\\\\\\\\\\\\\\\\\\\\\\\\\\"fa fa-star\\\\\\\\\\\\\\\\\\\\\\\\\\\\\\\\\\\\\\\\\\\\\\\\\\\\\\\\\\\\\\\" aria-hidden=\\\\\\\\\\\\\\\\\\\\\\\\\\\\\\\\\\\\\\\\\\\\\\\\\\\\\\\\\\\\\\\"true\\\\\\\\\\\\\\\\\\\\\\\\\\\\\\\\\\\\\\\\\\\\\\\\\\\\\\\\\\\\\\\"><\/i>",
                    "false": ""
                }
            },
            {
                "type": "uc_var_paramitemrelated",
                "name": "2_star",
                "description": "",
                "param_name": "rating",
                "options": {
                    "true": "<i class=\\\\\\\\\\\\\\\\\\\\\\\\\\\\\\\\\\\\\\\\\\\\\\\\\\\\\\\\\\\\\\\"fa fa-star\\\\\\\\\\\\\\\\\\\\\\\\\\\\\\\\\\\\\\\\\\\\\\\\\\\\\\\\\\\\\\\" aria-hidden=\\\\\\\\\\\\\\\\\\\\\\\\\\\\\\\\\\\\\\\\\\\\\\\\\\\\\\\\\\\\\\\"true\\\\\\\\\\\\\\\\\\\\\\\\\\\\\\\\\\\\\\\\\\\\\\\\\\\\\\\\\\\\\\\"><\/i><i class=\\\\\\\\\\\\\\\\\\\\\\\\\\\\\\\\\\\\\\\\\\\\\\\\\\\\\\\\\\\\\\\"fa fa-star\\\\\\\\\\\\\\\\\\\\\\\\\\\\\\\\\\\\\\\\\\\\\\\\\\\\\\\\\\\\\\\" aria-hidden=\\\\\\\\\\\\\\\\\\\\\\\\\\\\\\\\\\\\\\\\\\\\\\\\\\\\\\\\\\\\\\\"true\\\\\\\\\\\\\\\\\\\\\\\\\\\\\\\\\\\\\\\\\\\\\\\\\\\\\\\\\\\\\\\"><\/i>",
                    "false": ""
                }
            }
        ],
        "variables_main": ""
    },
    "templates": [
        "html",
        "html_item",
        "css",
        "css_item"
    ]
}