{
    "addontype": "vc",
    "cattitle": "Service",
    "name": "service_3_vc",
    "alias": "service_3",
    "title": "Service #3",
    "description": "",
    "config": {
        "options": {
            "enable_items": "false",
            "path_assets": "avados_service_3",
            "description": "",
            "link_resource": "",
            "show_small_icon": "true",
            "preview_size_unite_selected_text": "Full Size",
            "preview_size": "full",
            "preview_custom_width": "",
            "preview_bgcol": "#ffffff"
        },
        "params": [
            {
                "type": "uc_image",
                "title": "Image",
                "name": "service_3_image",
                "description": "",
                "admin_label": "false",
                "add_thumb": "true",
                "add_thumb_large": "false",
                "default_value": ""
            },
            {
                "type": "uc_textarea",
                "title": "Visible text",
                "name": "visible_text",
                "description": "",
                "admin_label": "false",
                "default_value": "",
                "font_editable": "false"
            },
            {
                "type": "uc_textarea",
                "title": "Hidden text ",
                "name": "hidden_text",
                "description": "Hidden text show on hover",
                "admin_label": "false",
                "default_value": "",
                "font_editable": "false"
            },
            {
                "type": "uc_textfield",
                "title": "Link",
                "name": "avados_service_3_link",
                "description": "",
                "admin_label": "false",
                "default_value": "",
                "font_editable": "false"
            }
        ],
        "params_items": [
            {
                "type": "uc_textfield",
                "title": "Title",
                "name": "title",
                "description": "",
                "default_value": "",
                "limited_edit": "true"
            }
        ],
        "includes": {
            "js": [],
            "jslib": [],
            "css": [
                {
                    "url": "avados_service_3\/avados_service_3.css",
                    "condition": ""
                }
            ]
        },
        "variables_item": "",
        "variables_main": ""
    },
    "templates": [
        "html"
    ]
}