{
    "addontype": "vc",
    "cattitle": "Popup (Modal)",
    "name": "avados_popup_modal_and_image_vc",
    "alias": "avados_popup_modal_and_image",
    "title": "Popup Modal with Image",
    "description": "",
    "config": {
        "options": {
            "enable_items": "false",
            "path_assets": "avados_popup_with_image",
            "description": "",
            "link_resource": "",
            "show_small_icon": "true",
            "preview_size_unite_selected_text": "Full Size",
            "preview_size": "full",
            "preview_custom_width": "",
            "preview_bgcol": "#ffffff"
        },
        "params": [
            {
                "type": "uc_textfield",
                "title": "Text Button ",
                "name": "text_btn",
                "description": "",
                "admin_label": "false",
                "default_value": "",
                "font_editable": "false"
            },
            {
                "type": "uc_dropdown",
                "title": "Button Style",
                "name": "btn_style",
                "description": "",
                "admin_label": "false",
                "options": {
                    "Theme color background (default)": "",
                    "Theme color outline": "btn-color-border",
                    "White background": "btn-white",
                    "White Outline": "btn-white-border",
                    "Link Black": "just-link-blck",
                    "Link white": "just-link-white"
                },
                "default_value": "btn-color-border"
            },
            {
                "type": "uc_image",
                "title": "Image",
                "name": "avados_popup_image",
                "description": "",
                "admin_label": "false",
                "add_thumb": "true",
                "add_thumb_large": "false",
                "default_value": ""
            },
            {
                "type": "uc_dropdown",
                "title": "Background Size",
                "name": "bg_size",
                "description": "",
                "admin_label": "false",
                "options": {
                    "Cover": "background-size-cover",
                    "Contain": "background-size-contain"
                },
                "default_value": "background-size-cover"
            },
            {
                "type": "uc_textarea",
                "title": "Popup Title",
                "name": "popup_title",
                "description": "",
                "admin_label": "false",
                "default_value": "",
                "font_editable": "false"
            },
            {
                "type": "uc_dropdown",
                "title": "Button Position",
                "name": "btn_position",
                "description": "",
                "admin_label": "false",
                "options": {
                    "left": "text-left",
                    "center": "text-center block-center",
                    "right": "text-right"
                },
                "default_value": "text-left"
            },
            {
                "type": "uc_textarea",
                "title": "Popup Subtitle",
                "name": "popup_subtitle",
                "description": "",
                "admin_label": "false",
                "default_value": "",
                "font_editable": "false"
            },
            {
                "type": "uc_editor",
                "title": "Popup Content",
                "name": "popup_content",
                "description": "You can use html",
                "admin_label": "false",
                "default_value": ""
            },
            {
                "type": "uc_number",
                "title": "Popup content padding",
                "name": "avados_popup_content_padding",
                "description": "",
                "admin_label": "false",
                "default_value": "50",
                "unit": "px",
                "unit_custom": ""
            },
            {
                "type": "uc_number",
                "title": "Content Width",
                "name": "avados_popup_content_width",
                "description": "",
                "admin_label": "false",
                "default_value": "900",
                "unit": "px",
                "unit_custom": ""
            }
        ],
        "params_items": [
            {
                "type": "uc_textfield",
                "title": "Title",
                "name": "title",
                "description": "",
                "default_value": "",
                "limited_edit": "true"
            }
        ],
        "includes": {
            "js": [],
            "jslib": [],
            "css": [
                {
                    "url": "avados_popup_with_image\/avados_popup_with_image.css",
                    "condition": ""
                }
            ]
        },
        "variables_item": "",
        "variables_main": ""
    },
    "templates": [
        "html"
    ]
}