{
    "addontype": "vc",
    "cattitle": "Trigger",
    "name": "avados_trigger_1_vc",
    "alias": "avados_trigger_1",
    "title": "Trigger #1",
    "description": "Trigger with icon",
    "config": {
        "options": {
            "enable_items": "false",
            "path_assets": "clean_white_services_box",
            "description": "Trigger with icon",
            "link_resource": "",
            "show_small_icon": "true",
            "preview_size_unite_selected_text": "Full Size",
            "preview_size": "full",
            "preview_custom_width": "",
            "preview_bgcol": "#ffffff"
        },
        "params": [
            {
                "type": "uc_icon",
                "title": "Icon",
                "name": "icon",
                "description": "",
                "admin_label": "false",
                "default_value": ""
            },
            {
                "type": "uc_colorpicker",
                "title": "Icon Color",
                "name": "icon_color",
                "description": "",
                "admin_label": "false",
                "default_value": ""
            },
            {
                "type": "uc_textfield",
                "title": "Title",
                "name": "title",
                "description": "",
                "default_value": "Default Title"
            },
            {
                "type": "uc_colorpicker",
                "title": "Title Color",
                "name": "title_color",
                "description": "",
                "admin_label": "false",
                "default_value": "#000000"
            },
            {
                "type": "uc_textarea",
                "title": "Text",
                "name": "text",
                "description": "",
                "default_value": "Lorem ipsum dolor sit amet, consectetuer adipiscing elit, sed diam nonummy."
            },
            {
                "type": "uc_colorpicker",
                "title": "Description Color",
                "name": "description_color",
                "description": "",
                "admin_label": "false",
                "default_value": "#6e6e6e"
            }
        ],
        "params_items": [
            {
                "type": "uc_textfield",
                "title": "Title",
                "name": "title",
                "description": "",
                "default_value": "",
                "limited_edit": "true"
            }
        ],
        "includes": {
            "js": [],
            "jslib": [],
            "css": [
                {
                    "url": "clean_white_services_box\/avados_trigger_1.css",
                    "condition": ""
                }
            ]
        },
        "variables_item": "",
        "variables_main": ""
    },
    "templates": [
        "html",
        "css"
    ]
}