{
    "addontype": "vc",
    "cattitle": "Button",
    "name": "avados_btn_vc",
    "alias": "avados_btn",
    "title": "Avados Button",
    "description": "",
    "config": {
        "options": {
            "enable_items": "false",
            "path_assets": "avados_button",
            "description": "",
            "link_resource": "",
            "show_small_icon": "true",
            "preview_size_unite_selected_text": "Full Size",
            "preview_size": "full",
            "preview_custom_width": "",
            "preview_bgcol": "#ffffff"
        },
        "params": [
            {
                "type": "uc_textfield",
                "title": "Text Button ",
                "name": "text_btn",
                "description": "",
                "admin_label": "false",
                "default_value": "",
                "font_editable": "false"
            },
            {
                "type": "uc_textarea",
                "title": "Link",
                "name": "btn_link",
                "description": "",
                "admin_label": "false",
                "default_value": "",
                "font_editable": "false"
            },
            {
                "type": "uc_dropdown",
                "title": "Position",
                "name": "btn_position",
                "description": "",
                "admin_label": "false",
                "options": {
                    "left": "text-left",
                    "center": "text-center block-center",
                    "right": "text-right"
                },
                "default_value": "text-left"
            },
            {
                "type": "uc_dropdown",
                "title": "Button Type",
                "name": "btn_type",
                "description": "",
                "admin_label": "false",
                "options": {
                    "Block": "display-block",
                    "Inline-Block": "display-inline-block",
                    "Nothing": ""
                },
                "default_value": ""
            },
            {
                "type": "uc_dropdown",
                "title": "Style",
                "name": "btn_style",
                "description": "",
                "admin_label": "false",
                "options": {
                    "Theme color background (default)": "btn",
                    "Theme color outline": "btn btn-color-border",
                    "White background": "btn btn-white",
                    "White Outline": "btn btn-white-border",
                    "Link Black": "just-link-black",
                    "Link white": "just-link-white"
                },
                "default_value": "btn"
            },
            {
                "type": "uc_dropdown",
                "title": "Margin Bottom",
                "name": "margin_bottom",
                "description": "",
                "admin_label": "false",
                "options": {
                    "0px": "margin-bottom-0",
                    "10px": "margin-bottom-10",
                    "20px": "margin-bottom-20",
                    "30px": "margin-bottom-30",
                    "40px": "margin-bottom-40",
                    "50px": "margin-bottom-50"
                },
                "default_value": "margin-bottom-10"
            },
            {
                "type": "uc_dropdown",
                "title": "Margin Top",
                "name": "margin_top",
                "description": "",
                "admin_label": "false",
                "options": {
                    "0px": "margin-top-0",
                    "10px": "margin-top-10",
                    "20px": "margin-top-20",
                    "30px": "margin-top-30",
                    "40px": "margin-top-40",
                    "50px": "margin-top-50"
                },
                "default_value": "margin-top-0"
            },
            {
                "type": "uc_dropdown",
                "title": "Margin Right",
                "name": "margin_right",
                "description": "",
                "admin_label": "false",
                "options": {
                    "0px": "margin-right-0",
                    "10px": "margin-right-10",
                    "20px": "margin-right-20",
                    "30px": "margin-right-30",
                    "40px": "margin-right-40",
                    "50px": "margin-right-50"
                },
                "default_value": "margin-right-0"
            },
            {
                "type": "uc_dropdown",
                "title": "Margin Left",
                "name": "margin_left",
                "description": "",
                "admin_label": "false",
                "options": {
                    "0": "margin-left-0",
                    "1%": "margin-left-1",
                    "2%": "margin-left-2",
                    "3%": "margin-left-3",
                    "4%": "margin-left-4",
                    "5%": "margin-left-5",
                    "6%": "margin-left-6",
                    "7%": "margin-left-7",
                    "8%": "margin-left-8",
                    "9%": "margin-left-9",
                    "10%": "margin-left-10"
                },
                "default_value": "margin-left-0"
            },
            {
                "type": "uc_textarea",
                "title": "Extra Parm",
                "name": "extra_parm",
                "description": "For example: onclick, rel, etc (html)",
                "admin_label": "false",
                "default_value": "",
                "font_editable": "false"
            },
            {
                "type": "uc_colorpicker",
                "title": "Custom Background Color",
                "name": "custom_bg_color",
                "description": "",
                "admin_label": "false",
                "default_value": ""
            },
            {
                "type": "uc_colorpicker",
                "title": "Custom Text Color",
                "name": "custom_text_color",
                "description": "",
                "admin_label": "false",
                "default_value": ""
            },
            {
                "type": "uc_number",
                "title": "Border",
                "name": "btn_border",
                "description": "",
                "admin_label": "false",
                "default_value": "",
                "unit": "px",
                "unit_custom": ""
            }
        ],
        "params_items": [
            {
                "type": "uc_textfield",
                "title": "Title",
                "name": "title",
                "description": "",
                "default_value": "",
                "limited_edit": "true"
            }
        ],
        "includes": {
            "js": [],
            "jslib": [],
            "css": []
        },
        "variables_item": "",
        "variables_main": ""
    },
    "templates": [
        "html"
    ]
}