{
    "addontype": "vc",
    "cattitle": "Content",
    "name": "line_vc",
    "alias": "line",
    "title": "Line",
    "description": "",
    "config": {
        "options": {
            "enable_items": "false",
            "path_assets": "avados_line",
            "description": "",
            "link_resource": "",
            "show_small_icon": "true",
            "preview_size_unite_selected_text": "Full Size",
            "preview_size": "full",
            "preview_custom_width": "",
            "preview_bgcol": "#ffffff"
        },
        "params": [
            {
                "type": "uc_number",
                "title": "Width",
                "name": "line_width",
                "description": "",
                "admin_label": "false",
                "default_value": "15",
                "unit": "px",
                "unit_custom": ""
            },
            {
                "type": "uc_number",
                "title": "Height",
                "name": "height",
                "description": "",
                "admin_label": "false",
                "default_value": "",
                "unit": "px",
                "unit_custom": ""
            },
            {
                "type": "uc_colorpicker",
                "title": "Color",
                "name": "line_color",
                "description": "",
                "admin_label": "false",
                "default_value": ""
            },
            {
                "type": "uc_dropdown",
                "title": "Position",
                "name": "position",
                "description": "",
                "admin_label": "false",
                "options": {
                    "Left": "margin-left",
                    "Center": "margin-auto",
                    "Right": "margin-right"
                },
                "default_value": "margin-left"
            },
            {
                "type": "uc_number",
                "title": "Margin Bottom",
                "name": "margin_bottom",
                "description": "",
                "admin_label": "false",
                "default_value": "",
                "unit": "px",
                "unit_custom": ""
            }
        ],
        "params_items": [
            {
                "type": "uc_textfield",
                "title": "Title",
                "name": "title",
                "description": "",
                "default_value": "",
                "limited_edit": "true"
            }
        ],
        "includes": {
            "js": [],
            "jslib": [],
            "css": [
                {
                    "url": "avados_line\/avados-line.css",
                    "condition": ""
                }
            ]
        },
        "variables_item": "",
        "variables_main": ""
    },
    "templates": [
        "html"
    ]
}