{
    "addontype": "vc",
    "cattitle": "Slider",
    "name": "avados_slider_1_vc",
    "alias": "avados_slider_1",
    "title": "Avados Slider 1",
    "description": "",
    "config": {
        "options": {
            "enable_items": "true",
            "path_assets": "avados_slider_1",
            "description": "",
            "link_resource": "",
            "show_small_icon": "true",
            "preview_size_unite_selected_text": "Full Size",
            "preview_size": "full",
            "preview_custom_width": "",
            "preview_bgcol": "#ffffff"
        },
        "params": [
            {
                "type": "uc_number",
                "title": "Image height",
                "name": "img_height",
                "description": "",
                "admin_label": "false",
                "default_value": "400",
                "unit": "other",
                "unit_custom": "px"
            }
        ],
        "params_items": [
            {
                "type": "uc_textfield",
                "title": "Title",
                "name": "title",
                "description": "",
                "admin_label": "false",
                "default_value": "",
                "font_editable": "false"
            },
            {
                "type": "uc_image",
                "title": "Image",
                "name": "img",
                "description": "",
                "admin_label": "false",
                "add_thumb": "true",
                "add_thumb_large": "false",
                "default_value": ""
            },
            {
                "type": "uc_textfield",
                "title": "Link",
                "name": "link",
                "description": "",
                "admin_label": "false",
                "default_value": "",
                "font_editable": "false"
            }
        ],
        "includes": {
            "js": [
                {
                    "url": "avados_slider_1\/avados_slider.js",
                    "condition": ""
                }
            ],
            "jslib": [],
            "css": [
                {
                    "url": "avados_slider_1\/avados_slider_1.css",
                    "condition": ""
                }
            ]
        },
        "variables_item": "",
        "variables_main": ""
    },
    "templates": [
        "html",
        "html_item"
    ]
}