{
    "addontype": "vc",
    "cattitle": "Service",
    "name": "service_block_2_vc",
    "alias": "service_block_2",
    "title": "Service #2",
    "description": "",
    "config": {
        "options": {
            "enable_items": "false",
            "path_assets": "avados_service_2",
            "description": "",
            "link_resource": "",
            "show_small_icon": "true",
            "preview_size_unite_selected_text": "Full Size",
            "preview_size": "full",
            "preview_custom_width": "",
            "preview_bgcol": "#ffffff"
        },
        "params": [
            {
                "type": "uc_image",
                "title": "Image",
                "name": "image",
                "description": "",
                "admin_label": "false",
                "add_thumb": "true",
                "add_thumb_large": "false",
                "default_value": ""
            },
            {
                "type": "uc_textfield",
                "title": "Title",
                "name": "title",
                "description": "",
                "admin_label": "false",
                "default_value": "",
                "font_editable": "false"
            },
            {
                "type": "uc_textfield",
                "title": "Price",
                "name": "price",
                "description": "",
                "admin_label": "false",
                "default_value": "",
                "font_editable": "false"
            },
            {
                "type": "uc_editor",
                "title": "Description",
                "name": "desc",
                "description": "",
                "admin_label": "false",
                "default_value": ""
            },
            {
                "type": "uc_number",
                "title": "Inside Padding",
                "name": "in_padding",
                "description": "",
                "admin_label": "false",
                "default_value": "",
                "unit": "other",
                "unit_custom": "%"
            }
        ],
        "params_items": [
            {
                "type": "uc_textfield",
                "title": "Title",
                "name": "title",
                "description": "",
                "default_value": "",
                "limited_edit": "true"
            }
        ],
        "includes": {
            "js": [],
            "jslib": [],
            "css": [
                {
                    "url": "avados_service_2\/avados_service_2.css",
                    "condition": ""
                }
            ]
        },
        "variables_item": "",
        "variables_main": ""
    },
    "templates": [
        "html"
    ]
}