{
    "addontype": "vc",
    "cattitle": "Content",
    "name": "uptitle_vc",
    "alias": "uptitle",
    "title": "UpTitle",
    "description": "",
    "config": {
        "options": {
            "enable_items": "false",
            "path_assets": "avados_up_title",
            "description": "",
            "link_resource": "",
            "show_small_icon": "true",
            "preview_size_unite_selected_text": "Full Size",
            "preview_size": "full",
            "preview_custom_width": "",
            "preview_bgcol": "#ffffff"
        },
        "params": [
            {
                "type": "uc_textarea",
                "title": "UpTitle",
                "name": "uptitle",
                "description": "",
                "admin_label": "false",
                "default_value": "",
                "font_editable": "true"
            },
            {
                "type": "uc_colorpicker",
                "title": "Line Color ",
                "name": "line_color",
                "description": "",
                "admin_label": "false",
                "default_value": "#222"
            },
            {
                "type": "uc_colorpicker",
                "title": "Text Color",
                "name": "text_color",
                "description": "",
                "admin_label": "false",
                "default_value": "#222"
            },
            {
                "type": "uc_dropdown",
                "title": "Padding Bottom",
                "name": "padding_bottom",
                "description": "",
                "admin_label": "false",
                "options": {
                    "15": "padding-bottom-15",
                    "20": "padding-bottom-20",
                    "25": "padding-bottom-25",
                    "30": "padding-bottom-30",
                    "35": "padding-bottom-35",
                    "40": "padding-bottom-40",
                    "45": "padding-bottom-45",
                    "50": "padding-bottom-50",
                    "Default": "padding-default"
                },
                "default_value": "padding-default"
            },
            {
                "type": "uc_colorpicker",
                "title": "Background",
                "name": "bg",
                "description": "",
                "admin_label": "false",
                "default_value": "#"
            }
        ],
        "params_items": [
            {
                "type": "uc_textfield",
                "title": "Title",
                "name": "title",
                "description": "",
                "default_value": "",
                "limited_edit": "true"
            }
        ],
        "includes": {
            "js": [],
            "jslib": [],
            "css": [
                {
                    "url": "avados_up_title\/avados_uptitle.css",
                    "condition": ""
                }
            ]
        },
        "variables_item": "",
        "variables_main": ""
    },
    "templates": [
        "html",
        "css"
    ]
}