{
    "addontype": "vc",
    "cattitle": "Content",
    "name": "clear_vc",
    "alias": "clear",
    "title": "Clear",
    "description": "",
    "config": {
        "options": {
            "enable_items": "false",
            "path_assets": "avados_clear",
            "description": "",
            "link_resource": "",
            "show_small_icon": "true",
            "preview_size_unite_selected_text": "Full Size",
            "preview_size": "full",
            "preview_custom_width": "",
            "preview_bgcol": "#ffffff"
        },
        "params": "",
        "params_items": [
            {
                "type": "uc_textfield",
                "title": "Title",
                "name": "title",
                "description": "",
                "default_value": "",
                "limited_edit": "true"
            }
        ],
        "includes": {
            "js": [],
            "jslib": [],
            "css": []
        },
        "variables_item": "",
        "variables_main": ""
    },
    "templates": [
        "html"
    ]
}