{
    "addontype": "vc",
    "cattitle": "Content",
    "name": "accordion_vc",
    "alias": "accordion",
    "title": "Accordion",
    "description": "",
    "config": {
        "options": {
            "enable_items": "false",
            "path_assets": "avados_accordion",
            "description": "",
            "link_resource": "",
            "show_small_icon": "true",
            "preview_size_unite_selected_text": "Full Size",
            "preview_size": "full",
            "preview_custom_width": "",
            "preview_bgcol": "#ffffff"
        },
        "params": [
            {
                "type": "uc_textfield",
                "title": "Title",
                "name": "title",
                "description": "",
                "admin_label": "false",
                "default_value": "",
                "font_editable": "false"
            },
            {
                "type": "uc_textarea",
                "title": "Description",
                "name": "description",
                "description": "",
                "admin_label": "false",
                "default_value": "",
                "font_editable": "false"
            }
        ],
        "params_items": [
            {
                "type": "uc_textfield",
                "title": "Title",
                "name": "title",
                "description": "",
                "default_value": "",
                "limited_edit": "true"
            }
        ],
        "includes": {
            "js": [],
            "jslib": [],
            "css": [
                {
                    "url": "avados_accordion\/avados-accordion.css",
                    "condition": ""
                }
            ]
        },
        "variables_item": "",
        "variables_main": ""
    },
    "templates": [
        "html"
    ]
}