{
    "addontype": "vc",
    "cattitle": "Testimotional",
    "name": "reviews_4_vc",
    "alias": "reviews_4",
    "title": "Avados Testimotional #4",
    "description": "",
    "config": {
        "options": {
            "enable_items": "true",
            "path_assets": "testimotional_4",
            "description": "",
            "link_resource": "",
            "show_small_icon": "true",
            "preview_size_unite_selected_text": "Full Size",
            "preview_size": "full",
            "preview_custom_width": "",
            "preview_bgcol": "#ffffff"
        },
        "params": "",
        "params_items": [
            {
                "type": "uc_editor",
                "title": "Reviews",
                "name": "title",
                "description": "",
                "admin_label": "false",
                "default_value": ""
            },
            {
                "type": "uc_textfield",
                "title": "Clients Name",
                "name": "name",
                "description": "",
                "admin_label": "false",
                "default_value": "",
                "font_editable": "false"
            },
            {
                "type": "uc_textfield",
                "title": "Link",
                "name": "link",
                "description": "",
                "admin_label": "false",
                "default_value": "",
                "font_editable": "false"
            }
        ],
        "includes": {
            "js": [
                {
                    "url": "testimotional_4\/avados_testimotional_4.js",
                    "condition": ""
                }
            ],
            "jslib": [],
            "css": [
                {
                    "url": "testimotional_4\/avados_testimotional_4.css",
                    "condition": ""
                }
            ]
        },
        "variables_item": "",
        "variables_main": ""
    },
    "templates": [
        "html",
        "html_item"
    ]
}