{
    "addontype": "vc",
    "cattitle": "Slider",
    "name": "avados_slider_2_vc",
    "alias": "avados_slider_2",
    "title": "Avados Slider 2",
    "description": "",
    "config": {
        "options": {
            "enable_items": "true",
            "path_assets": "avados_slider_2",
            "description": "",
            "link_resource": "",
            "show_small_icon": "true",
            "preview_size_unite_selected_text": "Full Size",
            "preview_size": "full",
            "preview_custom_width": "",
            "preview_bgcol": "#ffffff"
        },
        "params": [
            {
                "type": "uc_dropdown",
                "title": "Type to Show",
                "name": "type",
                "description": "",
                "admin_label": "false",
                "options": {
                    "Grid": "grid",
                    "Slider": "avados_slider_2_active"
                },
                "default_value": "grid"
            }
        ],
        "params_items": [
            {
                "type": "uc_image",
                "title": "Image",
                "name": "img",
                "description": "",
                "admin_label": "false",
                "add_thumb": "false",
                "add_thumb_large": "false",
                "default_value": ""
            },
            {
                "type": "uc_textfield",
                "title": "Title",
                "name": "title",
                "description": "",
                "default_value": "",
                "limited_edit": "true"
            },
            {
                "type": "uc_textarea",
                "title": "Description",
                "name": "desc",
                "description": "",
                "admin_label": "false",
                "default_value": "",
                "font_editable": "false"
            },
            {
                "type": "uc_textfield",
                "title": "Link",
                "name": "link",
                "description": "",
                "admin_label": "false",
                "default_value": "",
                "font_editable": "false"
            }
        ],
        "includes": {
            "js": [
                {
                    "url": "avados_slider_2\/avados_slider_2.js",
                    "condition": ""
                }
            ],
            "jslib": [],
            "css": [
                {
                    "url": "avados_slider_2\/avados_slider_2.css",
                    "condition": ""
                }
            ]
        },
        "variables_item": "",
        "variables_main": ""
    },
    "templates": [
        "html",
        "html_item"
    ]
}