{
    "addontype": "vc",
    "cattitle": "Testimotional",
    "name": "avados_testimotional_style_2_vc",
    "alias": "avados_testimotional_style_2",
    "title": "Avados Testimotional #2",
    "description": "",
    "config": {
        "options": {
            "enable_items": "false",
            "path_assets": "avados_testimotional_2",
            "description": "",
            "link_resource": "",
            "show_small_icon": "true",
            "preview_size_unite_selected_text": "Full Size",
            "preview_size": "full",
            "preview_custom_width": "",
            "preview_bgcol": "#ffffff"
        },
        "params": [
            {
                "type": "uc_image",
                "title": "Car Brand",
                "name": "car_brand",
                "description": "",
                "add_thumb": "false",
                "add_thumb_large": "true",
                "default_value": ""
            },
            {
                "type": "uc_textfield",
                "title": "Name",
                "name": "name",
                "description": "",
                "default_value": ""
            },
            {
                "type": "uc_textfield",
                "title": "Service",
                "name": "service",
                "description": "",
                "default_value": ""
            },
            {
                "type": "uc_checkbox",
                "title": "Rating 1",
                "name": "rating_1",
                "description": "",
                "is_checked": "false",
                "text_near": ""
            },
            {
                "type": "uc_checkbox",
                "title": "Rating 1 + half",
                "name": "rating_1_half",
                "description": "",
                "is_checked": "false",
                "text_near": ""
            },
            {
                "type": "uc_checkbox",
                "title": "Rating 2",
                "name": "rating_2",
                "description": "",
                "is_checked": "false",
                "text_near": ""
            },
            {
                "type": "uc_checkbox",
                "title": "Rating 2 + half",
                "name": "rating_2_half",
                "description": "",
                "is_checked": "false",
                "text_near": ""
            },
            {
                "type": "uc_checkbox",
                "title": "Rating 3",
                "name": "rating_3",
                "description": "",
                "is_checked": "false",
                "text_near": ""
            },
            {
                "type": "uc_checkbox",
                "title": "Rating 3 + half",
                "name": "rating_3_half",
                "description": "",
                "is_checked": "false",
                "text_near": ""
            },
            {
                "type": "uc_checkbox",
                "title": "Rating 4",
                "name": "rating_4",
                "description": "",
                "is_checked": "false",
                "text_near": ""
            },
            {
                "type": "uc_checkbox",
                "title": "Rating 4 + half",
                "name": "rating_4_half",
                "description": "",
                "is_checked": "false",
                "text_near": ""
            },
            {
                "type": "uc_checkbox",
                "title": "Rating 5",
                "name": "rating_5",
                "description": "",
                "is_checked": "true",
                "text_near": ""
            },
            {
                "type": "uc_number",
                "title": "max-width-image",
                "name": "max_width_image",
                "description": "",
                "default_value": "",
                "unit": "px",
                "unit_custom": ""
            },
            {
                "type": "uc_textarea",
                "title": "Testimotional Content",
                "name": "testimotional_content",
                "description": "",
                "default_value": ""
            },
            {
                "type": "uc_textfield",
                "title": "Date",
                "name": "date",
                "description": "Ex. 12.05.2017 or Today, etc",
                "default_value": ""
            }
        ],
        "params_items": [
            {
                "type": "uc_textfield",
                "title": "Title",
                "name": "title",
                "description": "",
                "default_value": "",
                "limited_edit": "true"
            }
        ],
        "includes": {
            "js": [],
            "jslib": [],
            "css": [
                {
                    "url": "avados_testimotional_2\/avados_testimotional_2.css",
                    "condition": ""
                }
            ]
        },
        "variables_item": "",
        "variables_main": [
            {
                "type": "uc_var_paramrelated",
                "name": "display",
                "description": "",
                "param_name": "rating_1",
                "options": {
                    "true": "block",
                    "false": "none"
                }
            },
            {
                "type": "uc_var_paramrelated",
                "name": "display_1_half",
                "description": "",
                "param_name": "rating_1_half",
                "options": {
                    "true": "block",
                    "false": "none"
                }
            },
            {
                "type": "uc_var_paramrelated",
                "name": "display_2",
                "description": "",
                "param_name": "rating_2",
                "options": {
                    "true": "display",
                    "false": "none"
                }
            },
            {
                "type": "uc_var_paramrelated",
                "name": "display_2_half",
                "description": "",
                "param_name": "rating_2_half",
                "options": {
                    "true": "display",
                    "false": "none"
                }
            },
            {
                "type": "uc_var_paramrelated",
                "name": "display_3",
                "description": "",
                "param_name": "rating_3",
                "options": {
                    "true": "display",
                    "false": "none"
                }
            },
            {
                "type": "uc_var_paramrelated",
                "name": "display_3_half",
                "description": "",
                "param_name": "rating_3_half",
                "options": {
                    "true": "display",
                    "false": "none"
                }
            },
            {
                "type": "uc_var_paramrelated",
                "name": "display_4",
                "description": "",
                "param_name": "rating_4",
                "options": {
                    "true": "display",
                    "false": "none"
                }
            },
            {
                "type": "uc_var_paramrelated",
                "name": "display_4_half",
                "description": "",
                "param_name": "rating_4_half",
                "options": {
                    "true": "display",
                    "false": "none"
                }
            },
            {
                "type": "uc_var_paramrelated",
                "name": "display_5",
                "description": "",
                "param_name": "rating_5",
                "options": {
                    "true": "display",
                    "false": "none"
                }
            }
        ]
    },
    "templates": [
        "html"
    ]
}