{
    "addontype": "vc",
    "cattitle": "Popup (Modal)",
    "name": "avados_popup_modal_vc",
    "alias": "avados_popup_modal",
    "title": "Button with Popup Modal",
    "description": "",
    "config": {
        "options": {
            "enable_items": "false",
            "path_assets": "avados_button_with_popup",
            "description": "",
            "link_resource": "",
            "show_small_icon": "true",
            "preview_size_unite_selected_text": "Full Size",
            "preview_size": "full",
            "preview_custom_width": "",
            "preview_bgcol": "#ffffff"
        },
        "params": [
            {
                "type": "uc_textarea",
                "title": "Text Button ",
                "name": "text_btn",
                "description": "",
                "admin_label": "false",
                "default_value": "",
                "font_editable": "true"
            },
            {
                "type": "uc_textarea",
                "title": "Popup Title",
                "name": "popup_title",
                "description": "",
                "admin_label": "false",
                "default_value": "",
                "font_editable": "false"
            },
            {
                "type": "uc_textarea",
                "title": "Popup Subtitle",
                "name": "popup_subtitle",
                "description": "",
                "admin_label": "false",
                "default_value": "",
                "font_editable": "false"
            },
            {
                "type": "uc_textarea",
                "title": "Popup Content",
                "name": "popup_content",
                "description": "You can use html",
                "admin_label": "false",
                "default_value": "",
                "font_editable": "false"
            },
            {
                "type": "uc_dropdown",
                "title": "Button Position",
                "name": "btn_position",
                "description": "",
                "admin_label": "false",
                "options": {
                    "left": "text-left",
                    "center": "text-center block-center",
                    "right": "text-right"
                },
                "default_value": "text-left"
            },
            {
                "type": "uc_dropdown",
                "title": "Button Style",
                "name": "btn_style",
                "description": "",
                "admin_label": "false",
                "options": {
                    "Theme color background (default)": "btn",
                    "Theme color outline": "btn btn-color-border",
                    "White background": "btn btn-white",
                    "White Outline": "btn btn-white-border",
                    "Link Black": "just-link-black",
                    "Link white": "just-link-white"
                },
                "default_value": "btn"
            },
            {
                "type": "uc_dropdown",
                "title": "Button Type",
                "name": "btn_type",
                "description": "",
                "admin_label": "false",
                "options": {
                    "Inline-Block": "display-inline-block",
                    "Block": "display-block",
                    "Nothing": ""
                },
                "default_value": ""
            }
        ],
        "params_items": [
            {
                "type": "uc_textfield",
                "title": "Title",
                "name": "title",
                "description": "",
                "default_value": "",
                "limited_edit": "true"
            }
        ],
        "includes": {
            "js": [],
            "jslib": [],
            "css": []
        },
        "variables_item": "",
        "variables_main": ""
    },
    "templates": [
        "html"
    ]
}