{
    "addontype": "vc",
    "cattitle": "Content",
    "name": "full_im_cont_vc",
    "alias": "full_im_cont",
    "title": "Fullwidth Block - Slider with Content",
    "description": "",
    "config": {
        "options": {
            "enable_items": "true",
            "path_assets": "fullwidth_block_image_content",
            "description": "",
            "link_resource": "",
            "show_small_icon": "true",
            "preview_size_unite_selected_text": "Full Size",
            "preview_size": "full",
            "preview_custom_width": "",
            "preview_bgcol": "#ffffff"
        },
        "params": [
            {
                "type": "uc_textarea",
                "title": "Title",
                "name": "title",
                "description": "",
                "admin_label": "false",
                "default_value": "",
                "font_editable": "true"
            },
            {
                "type": "uc_editor",
                "title": "Content",
                "name": "content",
                "description": "",
                "admin_label": "false",
                "default_value": ""
            },
            {
                "type": "uc_number",
                "title": "Content Padding",
                "name": "cont_padding",
                "description": "",
                "admin_label": "false",
                "default_value": "5% 7%",
                "unit": "other",
                "unit_custom": "persent"
            },
            {
                "type": "uc_dropdown",
                "title": "Content First Block",
                "name": "order",
                "description": "",
                "admin_label": "false",
                "options": {
                    "No": "",
                    "Yes": "order-first"
                },
                "default_value": "order-first"
            },
            {
                "type": "uc_number",
                "title": "Min-Height from image",
                "name": "img_min_height",
                "description": "",
                "admin_label": "false",
                "default_value": "500",
                "unit": "px",
                "unit_custom": ""
            }
        ],
        "params_items": [
            {
                "type": "uc_textfield",
                "title": "Title",
                "name": "title",
                "description": "",
                "default_value": "",
                "limited_edit": "true"
            },
            {
                "type": "uc_image",
                "title": "Image 1",
                "name": "img_1",
                "description": "",
                "admin_label": "false",
                "add_thumb": "false",
                "add_thumb_large": "false",
                "default_value": ""
            }
        ],
        "includes": {
            "js": [
                {
                    "url": "fullwidth_block_image_content\/fullwidth-block-img-content.js",
                    "condition": ""
                }
            ],
            "jslib": [],
            "css": [
                {
                    "url": "fullwidth_block_image_content\/fullwidth-block-img-content.css",
                    "condition": ""
                }
            ]
        },
        "variables_item": "",
        "variables_main": ""
    },
    "templates": [
        "html",
        "html_item"
    ]
}