{
    "addontype": "vc",
    "cattitle": "Button",
    "name": "avados_btn_double_set_vc",
    "alias": "avados_btn_double_set",
    "title": "Avados Button Double Set",
    "description": "",
    "config": {
        "options": {
            "enable_items": "false",
            "path_assets": "avados_button",
            "description": "",
            "link_resource": "",
            "show_small_icon": "true",
            "preview_size_unite_selected_text": "Full Size",
            "preview_size": "full",
            "preview_custom_width": "",
            "preview_bgcol": "#ffffff"
        },
        "params": [
            {
                "type": "uc_dropdown",
                "title": "Button Wrapp Position",
                "name": "btn_position",
                "description": "",
                "admin_label": "false",
                "options": {
                    "left": "text-left",
                    "center": "text-center block-center",
                    "right": "text-right"
                },
                "default_value": "text-left"
            },
            {
                "type": "uc_textfield",
                "title": "Text Button ",
                "name": "text_btn",
                "description": "",
                "admin_label": "false",
                "default_value": "",
                "font_editable": "false"
            },
            {
                "type": "uc_textfield",
                "title": "Text Button 2",
                "name": "text_btn_copy",
                "description": "",
                "admin_label": "false",
                "default_value": "",
                "font_editable": "false"
            },
            {
                "type": "uc_textarea",
                "title": "Link",
                "name": "btn_link",
                "description": "",
                "admin_label": "false",
                "default_value": "",
                "font_editable": "false"
            },
            {
                "type": "uc_textarea",
                "title": "Link 2",
                "name": "btn_link_copy",
                "description": "",
                "admin_label": "false",
                "default_value": "",
                "font_editable": "false"
            },
            {
                "type": "uc_dropdown",
                "title": "Button Type",
                "name": "btn_type",
                "description": "",
                "admin_label": "false",
                "options": {
                    "Block": "display-block",
                    "Inline-Block": "display-inline-block",
                    "Nothing": ""
                },
                "default_value": ""
            },
            {
                "type": "uc_dropdown",
                "title": "Style",
                "name": "btn_style",
                "description": "",
                "admin_label": "false",
                "options": {
                    "Theme color background (default)": "btn",
                    "Theme color outline": "btn btn-color-border",
                    "White background": "btn btn-white",
                    "White Outline": "btn btn-white-border",
                    "Link Black": "just-link-black",
                    "Link white": "just-link-white"
                },
                "default_value": "btn"
            },
            {
                "type": "uc_dropdown",
                "title": "Style 2",
                "name": "btn_style_copy",
                "description": "",
                "admin_label": "false",
                "options": {
                    "Theme color background (default)": "btn",
                    "Theme color outline": "btn btn-color-border",
                    "White background": "btn btn-white",
                    "White Outline": "btn btn-white-border",
                    "Link Black": "just-link-black",
                    "Link white": "just-link-white"
                },
                "default_value": "btn"
            },
            {
                "type": "uc_textarea",
                "title": "Extra Parm",
                "name": "extra_parm",
                "description": "For example: onclick, rel, etc (html)",
                "admin_label": "false",
                "default_value": "",
                "font_editable": "false"
            },
            {
                "type": "uc_textarea",
                "title": "Extra Parm 2",
                "name": "extra_parm_copy",
                "description": "For example: onclick, rel, etc (html)",
                "admin_label": "false",
                "default_value": "",
                "font_editable": "false"
            }
        ],
        "params_items": [
            {
                "type": "uc_textfield",
                "title": "Title",
                "name": "title",
                "description": "",
                "default_value": "",
                "limited_edit": "true"
            }
        ],
        "includes": {
            "js": [],
            "jslib": [],
            "css": [
                {
                    "url": "avados_button\/avados_button_double.css",
                    "condition": ""
                }
            ]
        },
        "variables_item": "",
        "variables_main": ""
    },
    "templates": [
        "html"
    ]
}