{
    "addontype": "vc",
    "cattitle": "Content",
    "name": "avados_subtitle_vc",
    "alias": "avados_subtitle",
    "title": "Avados Sub Heading",
    "description": "Custom text",
    "config": {
        "options": {
            "enable_items": "false",
            "path_assets": "avados_subtitle",
            "description": "Custom text",
            "link_resource": "",
            "show_small_icon": "true",
            "preview_size_unite_selected_text": "Full Size",
            "preview_size": "full",
            "preview_custom_width": "",
            "preview_bgcol": "#ffffff"
        },
        "params": [
            {
                "type": "uc_textarea",
                "title": "Subtitle Text",
                "name": "subtitle_text",
                "description": "You can use HTML",
                "admin_label": "false",
                "default_value": "",
                "font_editable": "true"
            },
            {
                "type": "uc_dropdown",
                "title": "Position",
                "name": "subtitle_position",
                "description": "",
                "admin_label": "false",
                "options": {
                    "left": "text-left",
                    "center": "text-center block-center",
                    "right": "text-right"
                },
                "default_value": "text-left"
            },
            {
                "type": "uc_dropdown",
                "title": "Padding Bottom",
                "name": "padding_bottom",
                "description": "",
                "admin_label": "false",
                "options": {
                    "0": "padding-bottom-0",
                    "15": "padding-bottom-15",
                    "20": "padding-bottom-20",
                    "25": "padding-bottom-25",
                    "30": "padding-bottom-30",
                    "35": "padding-bottom-35",
                    "40": "padding-bottom-40",
                    "45": "padding-bottom-45",
                    "50": "padding-bottom-50",
                    "Default": "padding-bottom-default"
                },
                "default_value": "padding-bottom-default"
            },
            {
                "type": "uc_dropdown",
                "title": "H1-H6 or div",
                "name": "h_or_div",
                "description": "",
                "admin_label": "false",
                "options": {
                    "div": "div",
                    "h1": "h1",
                    "h2": "h2",
                    "h3": "h3",
                    "h4": "h4",
                    "h5": "h5",
                    "h6": "h6"
                },
                "default_value": "div"
            },
            {
                "type": "uc_dropdown",
                "title": "Max Width",
                "name": "max_width",
                "description": "",
                "admin_label": "false",
                "options": {
                    "500": "max-width-500",
                    "550": "max-width-550",
                    "600": "max-width-600",
                    "650": "max-width-650",
                    "700": "max-width-700",
                    "750": "max-width-750",
                    "800": "max-width-800",
                    "850": "max-width-850",
                    "900": "max-width-900",
                    "Default": "max-width-none"
                },
                "default_value": "max-width-700"
            }
        ],
        "params_items": [
            {
                "type": "uc_textfield",
                "title": "Title",
                "name": "title",
                "description": "",
                "default_value": "",
                "limited_edit": "true"
            }
        ],
        "includes": {
            "js": [],
            "jslib": [],
            "css": [
                {
                    "url": "avados_subtitle\/avados_subtitle.css",
                    "condition": ""
                }
            ]
        },
        "variables_item": "",
        "variables_main": ""
    },
    "templates": [
        "html"
    ]
}