{
    "addontype": "vc",
    "cattitle": "Trigger",
    "name": "trigger_3_vc",
    "alias": "trigger_3",
    "title": "Trigger #3",
    "description": "Trigger with Icon near Title",
    "config": {
        "options": {
            "enable_items": "false",
            "path_assets": "avados_trigger_3",
            "description": "Trigger with Icon near Title",
            "link_resource": "",
            "show_small_icon": "true",
            "preview_size_unite_selected_text": "Full Size",
            "preview_size": "full",
            "preview_custom_width": "",
            "preview_bgcol": "#ffffff"
        },
        "params": [
            {
                "type": "uc_icon",
                "title": "Icon",
                "name": "trigger_icon",
                "description": "",
                "admin_label": "false",
                "default_value": ""
            },
            {
                "type": "uc_colorpicker",
                "title": "Icon Color",
                "name": "trigger_color",
                "description": "",
                "admin_label": "false",
                "default_value": "#ffffff"
            },
            {
                "type": "uc_number",
                "title": "Icon Size",
                "name": "trigger_icon_size",
                "description": "",
                "admin_label": "false",
                "default_value": "66",
                "unit": "px",
                "unit_custom": ""
            },
            {
                "type": "uc_textfield",
                "title": "Icon Opacity",
                "name": "trigger_icon_opacity",
                "description": "",
                "admin_label": "false",
                "default_value": "0.2",
                "font_editable": "false"
            },
            {
                "type": "uc_textarea",
                "title": "Title",
                "name": "title",
                "description": "",
                "admin_label": "false",
                "default_value": "",
                "font_editable": "true"
            },
            {
                "type": "uc_number",
                "title": "Title Size",
                "name": "title_size",
                "description": "",
                "admin_label": "false",
                "default_value": "18",
                "unit": "px",
                "unit_custom": ""
            },
            {
                "type": "uc_colorpicker",
                "title": "Title Color",
                "name": "title_color",
                "description": "",
                "admin_label": "false",
                "default_value": "#ffffff"
            },
            {
                "type": "uc_textarea",
                "title": "Description",
                "name": "dec",
                "description": "",
                "admin_label": "false",
                "default_value": "",
                "font_editable": "true"
            },
            {
                "type": "uc_textfield",
                "title": "Description Padding",
                "name": "desc_padding",
                "description": "",
                "admin_label": "false",
                "default_value": "0px 20px 10px 110px",
                "font_editable": "false"
            },
            {
                "type": "uc_dropdown",
                "title": "Position",
                "name": "position",
                "description": "",
                "admin_label": "false",
                "options": {
                    "left": "text-left",
                    "center": "text-center",
                    "right": "text-right"
                },
                "default_value": "text-left"
            },
            {
                "type": "uc_number",
                "title": "Block Bottom Margin",
                "name": "block_bottom_margin",
                "description": "",
                "admin_label": "false",
                "default_value": "",
                "unit": "px",
                "unit_custom": ""
            }
        ],
        "params_items": [
            {
                "type": "uc_textfield",
                "title": "Title",
                "name": "title",
                "description": "",
                "default_value": "",
                "limited_edit": "true"
            }
        ],
        "includes": {
            "js": [],
            "jslib": [],
            "css": [
                {
                    "url": "avados_trigger_3\/avados_trigger_3.css",
                    "condition": ""
                }
            ]
        },
        "variables_item": "",
        "variables_main": ""
    },
    "templates": [
        "html",
        "css"
    ]
}