{
    "addontype": "vc",
    "cattitle": "Service",
    "name": "service_block_1_vc",
    "alias": "service_block_1",
    "title": "Service #1",
    "description": "",
    "config": {
        "options": {
            "enable_items": "false",
            "path_assets": "avados_service_1",
            "description": "",
            "link_resource": "",
            "show_small_icon": "true",
            "preview_size_unite_selected_text": "Full Size",
            "preview_size": "full",
            "preview_custom_width": "",
            "preview_bgcol": "#ffffff"
        },
        "params": [
            {
                "type": "uc_image",
                "title": "Image",
                "name": "image",
                "description": "",
                "add_thumb": "false",
                "add_thumb_large": "false"
            },
            {
                "type": "uc_number",
                "title": "Image Height",
                "name": "image_height",
                "description": "",
                "admin_label": "false",
                "default_value": "300",
                "unit": "px",
                "unit_custom": ""
            },
            {
                "type": "uc_textfield",
                "title": "Link",
                "name": "link",
                "description": "",
                "default_value": "http:\/\/www.google.com"
            },
            {
                "type": "uc_textfield",
                "title": "Title",
                "name": "title",
                "description": "",
                "default_value": ""
            },
            {
                "type": "uc_editor",
                "title": "Description",
                "name": "desc",
                "description": "",
                "admin_label": "false",
                "default_value": ""
            },
            {
                "type": "uc_dropdown",
                "title": "Hover Effect",
                "name": "hov_eff",
                "description": "",
                "admin_label": "false",
                "options": {
                    "Off": "off",
                    "On": "uc_content_box_zoom_effect-on"
                },
                "default_value": "off"
            }
        ],
        "params_items": [
            {
                "type": "uc_textfield",
                "title": "Title",
                "name": "title",
                "description": "",
                "default_value": "",
                "limited_edit": "true"
            },
            {
                "type": "uc_image",
                "title": "Image",
                "name": "img",
                "description": "",
                "admin_label": "false",
                "add_thumb": "false",
                "add_thumb_large": "false",
                "default_value": ""
            }
        ],
        "includes": {
            "js": [
                {
                    "url": "avados_service_1\/avados_service_1.js",
                    "condition": ""
                }
            ],
            "jslib": [],
            "css": [
                {
                    "url": "avados_service_1\/avados_service_1.css",
                    "condition": ""
                }
            ]
        },
        "variables_item": "",
        "variables_main": ""
    },
    "templates": [
        "html",
        "html_item"
    ]
}